{"comment":"","charmap":
{
"е": [["ё",1.0],["-е",0.5,0]],
"Е": [["Ё",1.0],["-Е",0.5,0]],
"ь": [["ъ",1.0],["-ь",0.5,0]],
"Ь": [["Ъ",1.0],["-Ь",0.5,0]],
"а": [["•",1.0],["✓",1.0],["-а",0.5,0]],
"А": [["•",1.0],["✓",1.0],["-А",0.5,0]],
"б": [["/",1.0],["-б",0.5,0]],
"Б": [["/",1.0],["-Б",0.5,0]],
"в": [["-в",0.5,0]],
"В": [["-В",0.5,0]],
"г": [["￩",1.0],["￪",1.0],["-г",0.5,0]],
"Г": [["￩",1.0],["￪",1.0],["-Г",0.5,0]],
"Д": [["-Д",0.5,0]],
"д": [["-д",0.5,0]],
"ж": [["-ж",0.5,0]],
"Ж": [["-Ж",0.5,0]],
"з": [["-з",0.5,0]],
"З": [["-З",0.5,0]],
"и": [["-и",0.5,0]],
"И": [["-И",0.5,0]],
"й": [["°",1.0],["-й",0.5,0]],
"Й": [["°",1.0],["-Й",0.5,0]],
"к": [["©",1.0],["℗",1.0],["-к",0.5,0]],
"К": [["©",1.0],["℗",1.0],["-К",0.5,0]],
"л": [["-л",0.5,0]],
"Л": [["-Л",0.5,0]],
"м": [["́",1.0],["`",1.0],["-м",0.5,0]],
"М": [["́",1.0],["`",1.0],["-М",0.5,0]],
"н": [["-н",0.5,0]],
"Н": [["-Н",0.5,0]],
"О": [["≠",1.0],["≈",1.0],["-О",0.5,0]],
"о": [["≠",1.0],["≈",1.0],["-о",0.5,0]],
"п": [["–",1.0],["—",1.0],["-п",0.5,0]],
"П": [["–",1.0],["—",1.0],["-П",0.5,0]],
"р": [["±",1.0],["-р",0.5,0]],
"Р": [["±",1.0],["-Р",0.5,0]],
"с": [["«",1.0],["»",1.0],["-с",0.5,0]],
"С": [["«",1.0],["»",1.0],["-С",0.5,0]],
"т": [["-т",0.5,0]],
"Т": [["-Т",0.5,0]],
"ф": [["-ф",0.5,0]],
"Ф": [["-Ф",0.5,0]],
"х": [["-х",0.5,0]],
"Х": [["-Х",0.5,0]],
"ц": [["-ц",0.5,0]],
"Ц": [["-Ц",0.5,0]],
"ч": [["-ч",0.5,0]],
"Ч": [["-Ч",0.5,0]],
"ш": [["-ш",0.5,0],["￫",1.0],["￬",1.0]],
"Ш": [["-Ш",0.5,0],["￫",1.0],["￬",1.0]],
"ю": [["…",1.0],["-ю",0.5,0]],
"Ю": [["…",1.0],["-Ю",0.5,0]]
},
"name":"Russian","variant":["ru","RU"],"version":[0,3],"local_name":"Русский"}
