{"comment":"","charmap":
{
"е": [["ё",1.0],["-е",0.5,0]],
"Е": [["Ё",1.0],["-Е",0.5,0]],
"ь": [["ъ",1.0],["-ь",0.5,0]],
"Ь": [["Ъ",1.0],["-Ь",0.5,0]],
"а": [["-а",0.5,0]],
"А": [["-А",0.5,0]],
"б": [["-б",0.5,0]],
"Б": [["-Б",0.5,0]],
"в": [["-в",0.5,0]],
"В": [["-В",0.5,0]],
"г": [["-г",0.5,0]],
"Г": [["-Г",0.5,0]],
"Д": [["-Д",0.5,0]],
"д": [["-д",0.5,0]],
"ж": [["-ж",0.5,0]],
"Ж": [["-Ж",0.5,0]],
"з": [["-з",0.5,0]],
"З": [["-З",0.5,0]],
"и": [["-и",0.5,0]],
"И": [["-И",0.5,0]],
"й": [["-й",0.5,0]],
"Й": [["-Й",0.5,0]],
"к": [["-к",0.5,0]],
"К": [["-К",0.5,0]],
"л": [["-л",0.5,0]],
"Л": [["-Л",0.5,0]],
"м": [["-м",0.5,0]],
"М": [["-М",0.5,0]],
"н": [["-н",0.5,0]],
"Н": [["-Н",0.5,0]],
"О": [["-О",0.5,0]],
"о": [["-о",0.5,0]],
"п": [["-п",0.5,0]],
"П": [["-П",0.5,0]],
"р": [["-р",0.5,0]],
"Р": [["-Р",0.5,0]],
"с": [["-с",0.5,0]],
"С": [["-С",0.5,0]],
"т": [["-т",0.5,0]],
"Т": [["-Т",0.5,0]],
"ф": [["-ф",0.5,0]],
"Ф": [["-Ф",0.5,0]],
"х": [["-х",0.5,0]],
"Х": [["-Х",0.5,0]],
"ц": [["-ц",0.5,0]],
"Ц": [["-Ц",0.5,0]],
"ч": [["-ч",0.5,0]],
"Ч": [["-Ч",0.5,0]]
},
"name":"Russian","variant":["ru","RU"],"version":[0,3],"local_name":"Русский"}
